{"last_tab":"","content_protector":"st1","site_preloader":"st1","textlogo":"st2","sitetitle_opt":"st1","logopic":{"url":"https:\/\/webredox.net\/demo\/wp\/annie\/elementor\/demo3\/wp-content\/uploads\/sites\/5\/2019\/09\/logo.png","id":"7","height":"443","width":"1575","thumbnail":"https:\/\/webredox.net\/demo\/wp\/annie\/elementor\/demo3\/wp-content\/uploads\/sites\/5\/2019\/09\/logo.png"},"opt_logo_dimensions":{"width":"","height":"","units":"px"},"sidebar_back_img":{"url":"https:\/\/webredox.net\/demo\/wp\/annie\/elementor\/demo3\/wp-content\/uploads\/sites\/5\/2023\/03\/sidebar.jpg","id":"326","height":"1080","width":"720","thumbnail":"https:\/\/webredox.net\/demo\/wp\/annie\/elementor\/demo3\/wp-content\/uploads\/sites\/5\/2023\/03\/sidebar-150x150.jpg"},"sidebar_back_img_overlay":{"color":"#000000","alpha":"0.5","rgba":"rgba(0,0,0,0.5)"},"sidebar_back_menu_border_color":{"color":"#ffffff","alpha":"0.05","rgba":"rgba(255,255,255,0.05)"},"colorstyle":"st1","index-header-animate":"yes","index-content-animate":"no","index-sidebar-animate":"no","error-page-title":"","error-page-sbtitle":"","blog-page-title":"","blog-page-subtitle":"","blog-read-more":"","arch-page-title":"","cat-page-title":"","tag-page-title":"","src-page-title":"","social-icon-site":"yes","facebook":"#","twitter":"","linkedin":"","instagram":"#","pinterest":"","youtube":"","vimeo":"","soundcloud":"","skype":"","dribbble":"#","dropbox":"","github":"","tumblr":"","email":"","translet_opt_6":"","translet_opt_10":"","translet_opt_11":"","translet_opt_12":"","translet_opt_13":"","translet_opt_14":"","translet_opt_15":"","translet_opt_16":"","translet_opt_17":"","translet_opt_s_t":"","translet_opt_23":"","translet_opt_24":"","translet_opt_7":"","translet_opt_25":"","typo_body":{"font-family":"","font-options":"","google":"1","font-weight":"","font-style":"","subsets":"","text-align":"","font-size":"","color":""},"typography-h1":{"font-family":"","font-options":"","google":"1","font-weight":"","font-style":"","subsets":"","text-align":"","font-size":"","line-height":"","color":""},"typography-h2":{"font-family":"","font-options":"","google":"1","font-weight":"","font-style":"","subsets":"","text-align":"","font-size":"","line-height":"","color":""},"typography-h3":{"font-family":"","font-options":"","google":"1","font-weight":"","font-style":"","subsets":"","text-align":"","font-size":"","line-height":"","color":""},"typography-h4":{"font-family":"","font-options":"","google":"1","font-weight":"","font-style":"","subsets":"","text-align":"","font-size":"","line-height":"","color":""},"typography-h5":{"font-family":"","font-options":"","google":"1","font-weight":"","font-style":"","subsets":"","text-align":"","font-size":"","line-height":"","color":""},"typography-h6":{"font-family":"","font-options":"","google":"1","font-weight":"","font-style":"","subsets":"","text-align":"","font-size":"","line-height":"","color":""},"typography-pgtl":{"font-family":"","font-options":"","google":"1","font-weight":"","font-style":"","subsets":"","text-align":"","font-size":"","line-height":"","color":""},"typography-pgcontentl":{"font-family":"","font-options":"","google":"1","font-weight":"","font-style":"","subsets":"","text-align":"","font-size":"","line-height":"","color":""},"typography-pgsecwdtl":{"font-family":"","font-options":"","google":"1","font-weight":"","font-style":"","subsets":"","text-align":"","font-size":"","line-height":"","color":""},"typography-bltl":{"font-family":"","font-options":"","google":"1","font-weight":"","font-style":"","subsets":"","text-align":"","font-size":"","line-height":"","color":""},"typography-blcon":{"font-family":"","font-options":"","google":"1","font-weight":"","font-style":"","subsets":"","text-align":"","font-size":"","line-height":"","color":""},"typography-lnurl":{"font-family":"","font-options":"","google":"1","font-weight":"","font-style":"","subsets":"","text-align":"","font-size":"","line-height":"","color":""},"typography-a-hover":{"font-family":"","font-options":"","google":"1","font-weight":"","font-style":"","subsets":"","text-align":"","font-size":"","line-height":"","color":""},"typography_site_title":{"font-family":"","font-options":"","google":"1","font-weight":"","font-style":"","subsets":"","text-align":"","font-size":"","line-height":"","color":""},"typography_site_tagline":{"font-family":"","font-options":"","google":"1","font-weight":"","font-style":"","subsets":"","text-align":"","font-size":"","line-height":"","color":""},"typography-a-navmenu":{"font-family":"","font-options":"","google":"1","font-weight":"","font-style":"","subsets":"","text-align":"","font-size":"","line-height":"","color":"#ffffff"},"typography-a-navmenumain-hover":{"font-family":"","font-options":"","google":"1","font-weight":"","font-style":"","subsets":"","text-align":"","font-size":"","line-height":"","color":""},"typography-a-navmenu-hover-main":{"font-family":"","font-options":"","google":"1","font-weight":"","font-style":"","subsets":"","text-align":"","font-size":"","line-height":"","color":""},"typography-a-navmenu-hover":{"font-family":"","font-options":"","google":"1","font-weight":"","font-style":"","subsets":"","text-align":"","font-size":"","line-height":"","color":""},"typography_footer_site_title":{"font-family":"","font-options":"","google":"1","font-weight":"","font-style":"","subsets":"","text-align":"","font-size":"","line-height":"","color":""},"typography_footer_site_tags_line":{"font-family":"","font-options":"","google":"1","font-weight":"","font-style":"","subsets":"","text-align":"","font-size":"","line-height":"","color":""},"typography_footer_copyright":{"font-family":"","font-options":"","google":"1","font-weight":"","font-style":"","subsets":"","text-align":"","font-size":"","line-height":"","color":""},"copyright":"\u00a9 [annie_year] Annie by webRedox","menu_copy_opt":"st1","footer_sitetitle_opt":"st1","enable_scroll_top":"st1","redux-backup":1}