{"last_tab":"1","textlogo":"st2","logopic":{"url":"http:\/\/webredox.net\/demo\/wp\/annie\/light\/wp-content\/uploads\/2019\/09\/logo-1.png","id":"104","height":"443","width":"1575","thumbnail":"http:\/\/webredox.net\/demo\/wp\/annie\/light\/wp-content\/uploads\/2019\/09\/logo-1-150x150.png"},"opt_logo_dimensions":{"width":"","height":"","units":"px"},"colorstyle":"st2","index-header-animate":"yes","index-header-animate-style":"","index-content-animate":"no","index-content-animate-style":"","index-sidebar-animate":"no","index-sidebar-animate-style":"","index-footer-animate":"no","index-footer-animate-style":"","error-page-title":"","error-page-sbtitle":"","error-page-subtitle":"","blog-page-title":"","blog-page-subtitle":"","blog-read-more":"","arch-page-title":"","cat-page-title":"","tag-page-title":"","src-page-title":"","social-icon-site":"yes","facebook":"#","twitter":"","linkedin":"","instagram":"#","pinterest":"","youtube":"","vimeo":"","soundcloud":"","skype":"","dribbble":"#","dropbox":"","github":"","tumblr":"","email":"","typo_body":{"font-family":"","font-options":"","google":"1","font-weight":"","font-style":"","subsets":"","text-align":"","font-size":"","color":""},"typography-h1":{"font-family":"","font-options":"","google":"1","font-weight":"","font-style":"","subsets":"","text-align":"","font-size":"","line-height":"","color":""},"typography-h2":{"font-family":"","font-options":"","google":"1","font-weight":"","font-style":"","subsets":"","text-align":"","font-size":"","line-height":"","color":""},"typography-h3":{"font-family":"","font-options":"","google":"1","font-weight":"","font-style":"","subsets":"","text-align":"","font-size":"","line-height":"","color":""},"typography-h4":{"font-family":"","font-options":"","google":"1","font-weight":"","font-style":"","subsets":"","text-align":"","font-size":"","line-height":"","color":""},"typography-h5":{"font-family":"","font-options":"","google":"1","font-weight":"","font-style":"","subsets":"","text-align":"","font-size":"","line-height":"","color":""},"typography-h6":{"font-family":"","font-options":"","google":"1","font-weight":"","font-style":"","subsets":"","text-align":"","font-size":"","line-height":"","color":""},"typography-pgtl":{"font-family":"","font-options":"","google":"1","font-weight":"","font-style":"","subsets":"","text-align":"","font-size":"","line-height":"","color":""},"typography-pgcontentl":{"font-family":"","font-options":"","google":"1","font-weight":"","font-style":"","subsets":"","text-align":"","font-size":"","line-height":"","color":""},"typography-pgsecwdtl":{"font-family":"","font-options":"","google":"1","font-weight":"","font-style":"","subsets":"","text-align":"","font-size":"","line-height":"","color":""},"typography-bltl":{"font-family":"","font-options":"","google":"1","font-weight":"","font-style":"","subsets":"","text-align":"","font-size":"","line-height":"","color":""},"typography-blcon":{"font-family":"","font-options":"","google":"1","font-weight":"","font-style":"","subsets":"","text-align":"","font-size":"","line-height":"","color":""},"typography-lnurl":{"font-family":"","font-options":"","google":"1","font-weight":"","font-style":"","subsets":"","text-align":"","font-size":"","line-height":"","color":""},"typography-a-hover":{"font-family":"","font-options":"","google":"1","font-weight":"","font-style":"","subsets":"","text-align":"","font-size":"","line-height":"","color":""},"typography-a-navmenu":{"font-family":"","font-options":"","google":"1","font-weight":"","font-style":"","subsets":"","text-align":"","font-size":"","line-height":"","color":""},"typography-a-navmenu-hover":{"font-family":"","font-options":"","google":"1","font-weight":"","font-style":"","subsets":"","text-align":"","font-size":"","line-height":"","color":""},"copyright":"\u00a9 [annie_year] Annie by webRedox","redux-backup":1}